"Qubit","T1 (us)","T2 (us)","Readout assignment error","Init error","Prob meas0 prep1","Prob meas1 prep0","Readout length (ns)","ID error","Single-qubit gate length (ns)","RX error","Z-axis rotation (rz) error","√x (sx) error","Pauli-X error","XSLOW error","CZ error","Gate length (ns)","RZZ error","MEASURE error","MEASURE_2 error","Operational"
"0","271.89197575394525","347.02957502493666","0.0068359375","0.0034874297605464962","0.01025390625","0.00341796875","2180","0.00023684294466341555","32","0.00023684294466341555","0","0.00023684294466341555","0.00023684294466341555","0.00023684294466341555","1:0.0010686895211509118","1:68","1:0.0010761578616023115","0.0068359375","0.18505859375","Yes"
"1","254.58477747186285","348.67597957187854","0.01123046875","0.0007803311616748344","0.01025390625","0.01220703125","2180","0.00018021074214709658","32","0.00018021074214709658","0","0.00018021074214709658","0.00018021074214709658","0.00018021074214709658","2:0.0008216435283388834;0:0.0010686895211509118","2:68;0:68","2:0.0009476554564087081;0:0.0010761578616023115","0.01123046875","0.411865234375","Yes"
"2","313.3445292667286","129.30311922990134","0.00830078125","0.0012198104643409162","0.01171875","0.0048828125","2180","0.00008094065169891424","32","0.00008094065169891424","0","0.00008094065169891424","0.00008094065169891424","0.00008094065169891424","1:0.0008216435283388834;3:0.0014378985447953407","1:68;3:68","1:0.0009476554564087081;3:0.001225458141466712","0.00830078125","0.010498046875","Yes"
"3","161.7737380847774","254.86750501346663","0.0087890625","0.002000055096224715","0.01416015625","0.00341796875","2180","0.00036131549861761586","32","0.00036131549861761586","0","0.00036131549861761586","0.00036131549861761586","0.00036131549861761586","16:0.0011038996790617983;2:0.0014378985447953407;4:0.0020975841977298737","16:68;2:68;4:68","16:0.0013015384968247945;2:0.001225458141466712;4:0.002099697070155143","0.0087890625","0.0078125","Yes"
"4","222.64473672266823","59.60144493518223","0.006103515625","0.0006044909913614704","0.0087890625","0.00341796875","2180","0.0003031487895150291","32","0.0003031487895150291","0","0.0003031487895150291","0.0003031487895150291","0.0003031487895150291","3:0.0020975841977298737;5:0.002051863587124808","3:68;5:68","3:0.002099697070155143;5:0.002052835414728865","0.006103515625","0.021240234375","Yes"
"5","170.03718284552585","84.59659015362723","0.004638671875","0.0016005540329279196","0.00732421875","0.001953125","2180","0.00028746295605678256","32","0.00028746295605678256","0","0.00028746295605678256","0.00028746295605678256","0.00028746295605678256","6:0.0021051775701074193;4:0.002051863587124808","6:68;4:68","6:0.0023969530590338683;4:0.002052835414728865","0.004638671875","0.016845703125","Yes"
"6","131.25953031892703","87.826382627805","0.009033203125","0.0017157500723878898","0.009765625","0.00830078125","2180","0.00020890970640343812","32","0.00020890970640343812","0","0.00020890970640343812","0.00020890970640343812","0.00020890970640343812","5:0.0021051775701074193;7:0.00749709599520737","5:68;7:80","5:0.0023969530590338683;7:0.008299799405457692","0.009033203125","0.004638671875","Yes"
"7","350.7078642775235","103.5552273700306","0.013916015625","","0.0185546875","0.00927734375","2180","0.0003159160355966108","32","0.0003159160355966108","0","0.0003159160355966108","0.0003159160355966108","0.0003159160355966108","17:0.006241191415849973;6:0.00749709599520737;8:0.00760016128433022","17:68;6:80;8:68","17:0.004582601574560141;6:0.008299799405457692;8:0.005483703371389231","0.013916015625","0.005859375","Yes"
"8","172.13082963162685","68.26963905870835","0.0146484375","0.0002","0.0185546875","0.0107421875","2180","0.00031102046094831425","32","0.00031102046094831425","0","0.00031102046094831425","0.00031102046094831425","0.00031102046094831425","9:0.003089809909417901;7:0.00760016128433022","9:68;7:68","9:0.002195528031119387;7:0.005483703371389231","0.0146484375","0.04052734375","Yes"
"9","138.86285905856695","44.55221190663402","0.00439453125","0.0002","0.0078125","0.0009765625","2180","0.0002328298716012904","32","0.0002328298716012904","0","0.0002328298716012904","0.0002328298716012904","0.0002328298716012904","8:0.003089809909417901;10:0.0032388774152898037","8:68;10:68","8:0.002195528031119387;10:0.0046265954643274765","0.00439453125","0.022705078125","Yes"
"10","215.82001036088735","23.54605219913364","0.005615234375","0.0012983023418651684","0.0087890625","0.00244140625","2180","0.0001537636428301377","32","0.0001537636428301377","0","0.0001537636428301377","0.0001537636428301377","0.0001537636428301377","9:0.0032388774152898037;11:0.0011769739627738585","9:68;11:68","9:0.0046265954643274765;11:0.0014852299449751305","0.005615234375","0.003173828125","Yes"
"11","370.8309162745571","116.60180658135457","0.005126953125","0.0008074695522981461","0.01025390625","0","2180","0.0003882099840808137","32","0.0003882099840808137","0","0.0003882099840808137","0.0003882099840808137","0.0003882099840808137","18:0.0017886124283917892;10:0.0011769739627738585;12:0.0010346664176455467","18:68;10:68;12:68","18:0.00205226760532104;10:0.0014852299449751305;12:0.0012303157959831779","0.005126953125","0.001708984375","Yes"
"12","325.4088960603398","323.43708917109046","0.029541015625","","0.0361328125","0.02294921875","2180","0.00022363169079657683","32","0.00022363169079657683","0","0.00022363169079657683","0.00022363169079657683","0.00022363169079657683","13:0.002724382936160674;11:0.0010346664176455467","13:68;11:68","13:0.0015742866117826604;11:0.0012303157959831779","0.029541015625","0.046142578125","Yes"
"13","290.96746765322837","303.6118567471803","0.006591796875","0.0005585899281269569","0.0078125","0.00537109375","2180","0.0003378494875589955","32","0.0003378494875589955","0","0.0003378494875589955","0.0003378494875589955","0.0003378494875589955","12:0.002724382936160674;14:0.0015309615357778639","12:68;14:68","12:0.0015742866117826604;14:0.0009436890777264617","0.006591796875","0.007080078125","Yes"
"14","354.9348633787556","156.38650249302805","0.021728515625","","0.0224609375","0.02099609375","2180","0.00019911026598619735","32","0.00019911026598619735","0","0.00019911026598619735","0.00019911026598619735","0.00019911026598619735","15:0.0021493762177458298;13:0.0015309615357778639","15:68;13:68","15:0.0015093820935814517;13:0.0009436890777264617","0.021728515625","0.0146484375","Yes"
"15","254.32897056203723","314.89377735742005","0.00634765625","0.0003997303526616105","0.00830078125","0.00439453125","2180","0.00010219211652960063","32","0.00010219211652960063","0","0.00010219211652960063","0.00010219211652960063","0.00010219211652960063","14:0.0021493762177458298;19:0.0019522951146289658","14:68;19:68","14:0.0015093820935814517;19:0.0016709393085243274","0.00634765625","0.00439453125","Yes"
"16","209.7482010044639","231.31377546209166","0.01220703125","0.0019719696158565425","0.01171875","0.0126953125","2180","0.00013643467374513016","32","0.00013643467374513016","0","0.00013643467374513016","0.00013643467374513016","0.00013643467374513016","23:0.002461037227324825;3:0.0011038996790617983","23:68;3:68","23:0.0013387363635891103;3:0.0013015384968247945","0.01220703125","0.02099609375","Yes"
"17","206.20915815245309","113.24112137466057","0.00439453125","0.00034086730497487046","0.00537109375","0.00341796875","2180","0.0002508694871051352","32","0.0002508694871051352","0","0.0002508694871051352","0.0002508694871051352","0.0002508694871051352","7:0.006241191415849973;27:0.001964451446934079","7:68;27:68","7:0.004582601574560141;27:0.0023896227277906135","0.00439453125","0.00244140625","Yes"
"18","124.57129244164561","113.61851823931143","0.006103515625","0.0016326176133891134","0.01025390625","0.001953125","2180","0.0006993089985193058","32","0.0006993089985193058","0","0.0006993089985193058","0.0006993089985193058","0.0006993089985193058","11:0.0017886124283917892;31:0.0023830363356798223","11:68;31:68","11:0.00205226760532104;31:0.0025061462218547714","0.006103515625","0.003662109375","Yes"
"19","251.45459624457223","242.95561409535506","0.01220703125","0.003035477098234891","0.01220703125","0.01220703125","2180","0.00022664820128100323","32","0.00022664820128100323","0","0.00022664820128100323","0.00022664820128100323","0.00022664820128100323","35:0.0008607642183357522;15:0.0019522951146289658","35:68;15:68","35:0.0011027196902031744;15:0.0016709393085243274","0.01220703125","0.0078125","Yes"
"20","283.2681870469785","59.69502530951475","0.007080078125","0.0014625124580591716","0.01171875","0.00244140625","2180","0.00036276535625363437","32","0.00036276535625363437","0","0.00036276535625363437","0.00036276535625363437","0.00036276535625363437","21:0.002094324336657627","21:68","21:0.0020943986776389145","0.007080078125","0.003662109375","Yes"
"21","290.92132703663884","86.69134291100072","0.01416015625","0.0005998611946173634","0.021484375","0.0068359375","2180","0.00013475218183658458","32","0.00013475218183658458","0","0.00013475218183658458","0.00013475218183658458","0.00013475218183658458","36:0.0013856812814277697;20:0.002094324336657627;22:0.0017568796418776511","36:68;20:68;22:68","36:0.0011933722842244199;20:0.0020943986776389145;22:0.001659901444050732","0.01416015625","0.006103515625","Yes"
"22","80.43881578943017","90.02822761537675","0.010498046875","0.002688959013436297","0.0126953125","0.00830078125","2180","0.00018462198955109107","32","0.00018462198955109107","0","0.00018462198955109107","0.00018462198955109107","0.00018462198955109107","23:0.0018129656918229875;21:0.0017568796418776511","23:68;21:68","23:0.0017198802412040637;21:0.001659901444050732","0.010498046875","0.012451171875","Yes"
"23","233.1760005685518","67.65404148797742","0.0078125","0.0022036653965047427","0.0126953125","0.0029296875","2180","0.0001980491530499656","32","0.0001980491530499656","0","0.0001980491530499656","0.0001980491530499656","0.0001980491530499656","22:0.0018129656918229875;24:0.0017794239214802;16:0.002461037227324825","22:68;24:68;16:68","22:0.0017198802412040637;24:0.0018289737880560764;16:0.0013387363635891103","0.0078125","0.021484375","Yes"
"24","271.95461586177544","69.27807269790465","0.01953125","","0.02392578125","0.01513671875","2180","0.0005660044030386833","32","0.0005660044030386833","0","0.0005660044030386833","0.0005660044030386833","0.0005660044030386833","23:0.0017794239214802;25:0.0023607337438746323","23:68;25:68","23:0.0018289737880560764;25:0.0024457624206775386","0.01953125","0.02392578125","Yes"
"25","351.59453375327803","29.65485998353942","0.0068359375","0.0006675763391465527","0.01220703125","0.00146484375","2180","0.0002016199416958469","32","0.0002016199416958469","0","0.0002016199416958469","0.0002016199416958469","0.0002016199416958469","24:0.0023607337438746323;26:0.0018682666608969278;37:0.0026056518905193116","24:68;26:68;37:68","24:0.0024457624206775386;26:0.0013718792256821322;37:0.0017482967263919014","0.0068359375","0.00732421875","Yes"
"26","210.86227747819595","153.4993149647834","0.011962890625","0.0034391000707953","0.01611328125","0.0078125","2180","0.0002223747965809384","32","0.0002223747965809384","0","0.0002223747965809384","0.0002223747965809384","0.0002223747965809384","25:0.0018682666608969278;27:0.0019688021088371532","25:68;27:68","25:0.0013718792256821322;27:0.0030639304689742686","0.011962890625","0.015380859375","Yes"
"27","382.831146230684","75.54867255827367","0.0244140625","0.0011163599896401035","0.0234375","0.025390625","2180","0.00018231875710875617","32","0.00018231875710875617","0","0.00018231875710875617","0.00018231875710875617","0.00018231875710875617","26:0.0019688021088371532;28:0.0019630344009358702;17:0.001964451446934079","26:68;28:68;17:68","26:0.0030639304689742686;28:0.0014120927021549767;17:0.0023896227277906135","0.0244140625","0.020263671875","Yes"
"28","163.52943230515234","177.3462860884819","0.00830078125","0.0018015527709642502","0.01416015625","0.00244140625","2180","0.0001951226105001344","32","0.0001951226105001344","0","0.0001951226105001344","0.0001951226105001344","0.0001951226105001344","27:0.0019630344009358702;29:0.0038667720943545147","27:68;29:68","27:0.0014120927021549767;29:0.002164688733935438","0.00830078125","0.008544921875","Yes"
"29","192.80793878916828","81.764420118177","0.00634765625","0.0010101533802129663","0.01025390625","0.00244140625","2180","0.0002098257905780907","32","0.0002098257905780907","0","0.0002098257905780907","0.0002098257905780907","0.0002098257905780907","38:0.006028074820296964;28:0.0038667720943545147;30:0.0016023431558342682","38:68;28:68;30:80","38:0.0027449556645849915;28:0.002164688733935438;30:0.0032633955616446497","0.00634765625","0.01123046875","Yes"
"30","237.32044373738242","74.3054082705923","0.006591796875","0.0010105738133037252","0.01123046875","0.001953125","2180","0.000302369328095747","32","0.000302369328095747","0","0.000302369328095747","0.000302369328095747","0.000302369328095747","31:0.0014598702781674633;29:0.0016023431558342682","31:68;29:80","31:0.0038124949130309838;29:0.0032633955616446497","0.006591796875","0.004150390625","Yes"
"31","139.58459567571654","193.10058019434788","0.017822265625","","0.0341796875","0.00146484375","2180","0.00016164254349377728","32","0.00016164254349377728","0","0.00016164254349377728","0.00016164254349377728","0.00016164254349377728","30:0.0014598702781674633;32:0.004508430541596331;18:0.0023830363356798223","30:68;32:68;18:68","30:0.0038124949130309838;32:0.0016427944365520752;18:0.0025061462218547714","0.017822265625","0.08837890625","Yes"
"32","300.25198567318665","399.8747990071524","0.031005859375","","0.033203125","0.02880859375","2180","0.0006175670779016035","32","0.0006175670779016035","0","0.0006175670779016035","0.0006175670779016035","0.0006175670779016035","31:0.004508430541596331;33:0.00644473529848813","31:68;33:68","31:0.0016427944365520752;33:0.0019709125253496995","0.031005859375","0.013671875","Yes"
"33","243.5386917260954","343.65123219299915","0.008544921875","0.0010594239188858857","0.0107421875","0.00634765625","2180","0.00015732919359358956","32","0.00015732919359358956","0","0.00015732919359358956","0.00015732919359358956","0.00015732919359358956","39:0.0026956697347942093;32:0.00644473529848813;34:0.002363444886191779","39:68;32:68;34:108","39:0.0014521566021759302;32:0.0019709125253496995;34:0.0044668869591694416","0.008544921875","0.007080078125","Yes"
"34","215.61841293067525","195.47535274659447","0.016845703125","","0.025390625","0.00830078125","2180","0.00018199103906220212","32","0.00018199103906220212","0","0.00018199103906220212","0.00018199103906220212","0.00018199103906220212","33:0.002363444886191779;35:0.0012436297808678387","33:108;35:68","33:0.0044668869591694416;35:0.002518296612803228","0.016845703125","0.006103515625","Yes"
"35","270.1208190711042","295.096412408019","0.04248046875","","0.0419921875","0.04296875","2180","0.0001216399214595087","32","0.0001216399214595087","0","0.0001216399214595087","0.0001216399214595087","0.0001216399214595087","19:0.0008607642183357522;34:0.0012436297808678387","19:68;34:68","19:0.0011027196902031744;34:0.002518296612803228","0.04248046875","0.024658203125","Yes"
"36","267.8807305658804","25.03512357997084","0.0068359375","0.0009942265427111535","0.0107421875","0.0029296875","2180","0.00028704246825044514","32","0.00028704246825044514","0","0.00028704246825044514","0.00028704246825044514","0.00028704246825044514","41:0.0015696781842798047;21:0.0013856812814277697","41:68;21:68","41:0.0016497992612422019;21:0.0011933722842244199","0.0068359375","0.002197265625","Yes"
"37","153.80720859733492","29.60824800929108","0.00732421875","0.0015941324796214255","0.0078125","0.0068359375","2180","0.0008391255445193165","32","0.0008391255445193165","0","0.0008391255445193165","0.0008391255445193165","0.0008391255445193165","45:0.002626910605544569;25:0.0026056518905193116","45:68;25:68","45:0.0023864901729846455;25:0.0017482967263919014","0.00732421875","0.00439453125","Yes"
"38","263.0185234774022","38.91849569956384","0.005859375","0.0013767448280829321","0.01025390625","0.00146484375","2180","0.0003096579682945505","32","0.0003096579682945505","0","0.0003096579682945505","0.0003096579682945505","0.0003096579682945505","29:0.006028074820296964;49:0.0015098780705531112","29:68;49:68","29:0.0027449556645849915;49:0.0010925726279193415","0.005859375","0.0048828125","Yes"
"39","207.26044511501553","124.66973639374025","0.009033203125","0.004450269522270893","0.01318359375","0.0048828125","2180","0.00019562492644511117","32","0.00019562492644511117","0","0.00019562492644511117","0.00019562492644511117","0.00019562492644511117","53:0.0023143639600766985;33:0.0026956697347942093","53:68;33:68","53:0.0041128155646580344;33:0.0014521566021759302","0.009033203125","0.02783203125","Yes"
"40","197.84156612505242","64.81373708612355","0.005859375","0.0019231683038908797","0.00537109375","0.00634765625","2180","0.0003887888529307954","32","0.0003887888529307954","0","0.0003887888529307954","0.0003887888529307954","0.0003887888529307954","41:0.0020341102478575457","41:68","41:0.0024296820382661566","0.005859375","0.09423828125","Yes"
"41","331.1687515660217","61.21329089429773","0.007080078125","0.0009584964668467138","0.01220703125","0.001953125","2180","0.0002254917523171833","32","0.0002254917523171833","0","0.0002254917523171833","0.0002254917523171833","0.0002254917523171833","40:0.0020341102478575457;42:0.0021538516380617545;36:0.0015696781842798047","40:68;42:68;36:68","40:0.0024296820382661566;42:0.0025955466314712683;36:0.0016497992612422019","0.007080078125","0.003173828125","Yes"
"42","332.26791374566164","134.70273162367283","0.0048828125","0.0012000398250971934","0.00634765625","0.00341796875","2180","0.00039526001207287827","32","0.00039526001207287827","0","0.00039526001207287827","0.00039526001207287827","0.00039526001207287827","41:0.0021538516380617545;43:0.0020555401154540853","41:68;43:68","41:0.0025955466314712683;43:0.002168118214561171","0.0048828125","0.002685546875","Yes"
"43","166.55011024804438","53.51075035958431","0.00439453125","0.0012091800512376667","0.0068359375","0.001953125","2180","0.0003610254207322641","32","0.0003610254207322641","0","0.0003610254207322641","0.0003610254207322641","0.0003610254207322641","42:0.0020555401154540853;56:0.005177241912885433;44:0.00275299451719091","42:68;56:68;44:68","42:0.002168118214561171;56:0.0042040309047856605;44:0.002732564453472891","0.00439453125","0.00390625","Yes"
"44","110.75385233028301","108.64569936535297","0.008056640625","0.00020007975675602143","0.01318359375","0.0029296875","2180","0.0002379758344869516","32","0.0002379758344869516","0","0.0002379758344869516","0.0002379758344869516","0.0002379758344869516","45:0.001374142269398304;43:0.00275299451719091","45:68;43:68","45:0.001719585111695815;43:0.002732564453472891","0.008056640625","0.003662109375","Yes"
"45","246.68446481892374","185.8133040544655","0.003662109375","0.0010026165279753206","0.0068359375","0.00048828125","2180","0.0003145281915824828","32","0.0003145281915824828","0","0.0003145281915824828","0.0003145281915824828","0.0003145281915824828","44:0.001374142269398304;46:0.0017261558317489545;37:0.002626910605544569","44:68;46:68;37:68","44:0.001719585111695815;46:0.0019486609162822077;37:0.0023864901729846455","0.003662109375","0.006103515625","Yes"
"46","95.8293174072061","64.25063349664875","0.007568359375","0.0038576075855691863","0.0087890625","0.00634765625","2180","0.0003155314791030388","32","0.0003155314791030388","0","0.0003155314791030388","0.0003155314791030388","0.0003155314791030388","45:0.0017261558317489545;47:0.0021947542089498784","45:68;47:68","45:0.0019486609162822077;47:0.0015684399777508296","0.007568359375","0.00537109375","Yes"
"47","255.87581133591863","139.02320596218138","0.00537109375","0.0004014601591693077","0.0107421875","0","2180","0.0007838161914414178","32","0.0007838161914414178","0","0.0007838161914414178","0.0007838161914414178","0.0007838161914414178","48:0.004311111954304225;57:0.002026777144548464;46:0.0021947542089498784","48:68;57:68;46:68","48:0.003375278616214311;57:0.002027044610755313;46:0.0015684399777508296","0.00537109375","0.00390625","Yes"
"48","239.82946585678818","20.882275542912833","0.005615234375","0.0010042929885874536","0.00537109375","0.005859375","2180","0.00022936410514271395","32","0.00022936410514271395","0","0.00022936410514271395","0.00022936410514271395","0.00022936410514271395","47:0.004311111954304225;49:0.0016348980363904142","47:68;49:68","47:0.003375278616214311;49:0.002203347844783321","0.005615234375","0.02978515625","Yes"
"49","316.82053644998985","111.4055158429204","0.00927734375","0.0014323847404421899","0.01171875","0.0068359375","2180","0.0002747841314900132","32","0.0002747841314900132","0","0.0002747841314900132","0.0002747841314900132","0.0002747841314900132","48:0.0016348980363904142;50:0.00153966617845111;38:0.0015098780705531112","48:68;50:68;38:68","48:0.002203347844783321;50:0.0015785047248330908;38:0.0010925726279193415","0.00927734375","0.005615234375","Yes"
"50","153.7341549148517","143.88088541781292","0.003662109375","0.00040008338165914734","0.00634765625","0.0009765625","2180","0.0002625228439081146","32","0.0002625228439081146","0","0.0002625228439081146","0.0002625228439081146","0.0002625228439081146","49:0.00153966617845111;51:0.00169677421248271","49:68;51:68","49:0.0015785047248330908;51:0.0016277129798194512","0.003662109375","0.00634765625","Yes"
"51","222.91844904316824","206.4664781311929","0.052734375","","0.0380859375","0.0673828125","2180","0.0004959157864762098","32","0.0004959157864762098","0","0.0004959157864762098","0.0004959157864762098","0.0004959157864762098","50:0.00169677421248271;52:0.0020221608434162763;58:0.0021920521907908275","50:68;52:68;58:68","50:0.0016277129798194512;52:0.0033339678136898587;58:0.0016106211079214838","0.052734375","0.009033203125","Yes"
"52","287.2769257756063","63.0483321831405","0.0244140625","0.0014156050053026645","0.03173828125","0.01708984375","2180","0.00027029667712453906","32","0.00027029667712453906","0","0.00027029667712453906","0.00027029667712453906","0.00027029667712453906","51:0.0020221608434162763;53:0.0014125752779660383","51:68;53:68","51:0.0033339678136898587;53:0.0016135949931188331","0.0244140625","0.0087890625","Yes"
"53","343.56427920156256","59.5960027722432","0.00537109375","0.0010016550015091567","0.0048828125","0.005859375","2180","0.00013266076651403992","32","0.00013266076651403992","0","0.00013266076651403992","0.00013266076651403992","0.00013266076651403992","39:0.0023143639600766985;52:0.0014125752779660383;54:0.0010717614890865257","39:68;52:68;54:68","39:0.0041128155646580344;52:0.0016135949931188331;54:0.0010993224827106907","0.00537109375","0.00439453125","Yes"
"54","255.56373740513337","177.03028570170565","0.03515625","","0.02880859375","0.04150390625","2180","0.00020401536346434035","32","0.00020401536346434035","0","0.00020401536346434035","0.00020401536346434035","0.00020401536346434035","53:0.0010717614890865257;55:0.0015605273931657837","53:68;55:68","53:0.0010993224827106907;55:0.0017095551253181185","0.03515625","0.023193359375","Yes"
"55","258.0278667301144","90.29381037638089","0.015625","0.005222458987904464","0.01025390625","0.02099609375","2180","0.00016824930888528194","32","0.00016824930888528194","0","0.00016824930888528194","0.00016824930888528194","0.00016824930888528194","59:0.0011787330573382049;54:0.0015605273931657837","59:68;54:68","59:0.000913832354429267;54:0.0017095551253181185","0.015625","0.006591796875","Yes"
"56","230.4048446853074","39.20911945707474","0.00830078125","0.0004029830900978799","0.01318359375","0.00341796875","2180","0.00017973661132385368","32","0.00017973661132385368","0","0.00017973661132385368","0.00017973661132385368","0.00017973661132385368","63:0.001603381716366925;43:0.005177241912885433","63:68;43:68","63:0.0017849679923092054;43:0.0042040309047856605","0.00830078125","0.008056640625","Yes"
"57","169.2701291017863","215.55756988706207","0.007080078125","0.002496695024250347","0.00830078125","0.005859375","2180","0.000261355401209562","32","0.000261355401209562","0","0.000261355401209562","0.000261355401209562","0.000261355401209562","47:0.002026777144548464;67:0.001829498368940058","47:68;67:68","47:0.002027044610755313;67:0.0020898443174804937","0.007080078125","0.00732421875","Yes"
"58","185.14285777649405","134.58427311746865","0.010009765625","0.005500871330518593","0.00732421875","0.0126953125","2180","0.00017610541082494497","32","0.00017610541082494497","0","0.00017610541082494497","0.00017610541082494497","0.00017610541082494497","71:0.001431009792593585;51:0.0021920521907908275","71:68;51:68","71:0.0011796949861359873;51:0.0016106211079214838","0.010009765625","0.010009765625","Yes"
"59","253.09276423681555","355.1468750469521","0.003173828125","0.002600500266150357","0.00439453125","0.001953125","2180","0.00017104938011120965","32","0.00017104938011120965","0","0.00017104938011120965","0.00017104938011120965","0.00017104938011120965","55:0.0011787330573382049;75:0.0012355480579584466","55:68;75:68","55:0.000913832354429267;75:0.0027081441117087213","0.003173828125","0.002685546875","Yes"
"60","258.28193196090103","46.41435418501736","0.00244140625","0.0002","0.00341796875","0.00146484375","2180","0.0005175433520333316","32","0.0005175433520333316","0","0.0005175433520333316","0.0005175433520333316","0.0005175433520333316","61:0.002157703077489137","61:68","61:0.0030114193649385668","0.00244140625","0.003173828125","Yes"
"61","136.53635980296662","48.57868408296403","0.010986328125","0.00286722735728459","0.01220703125","0.009765625","2180","0.00023505959820448465","32","0.00023505959820448465","0","0.00023505959820448465","0.00023505959820448465","0.00023505959820448465","76:0.002300987754675965;60:0.002157703077489137;62:0.001559777844646032","76:68;60:68;62:68","76:0.004489353256334316;60:0.0030114193649385668;62:0.0020907008805781946","0.010986328125","0.0078125","Yes"
"62","263.45336954869975","151.15026612121423","0.01025390625","0.012433847990385384","0.00634765625","0.01416015625","2180","0.0001988991064788042","32","0.0001988991064788042","0","0.0001988991064788042","0.0001988991064788042","0.0001988991064788042","61:0.001559777844646032;63:0.0017142792709224086","61:68;63:68","61:0.0020907008805781946;63:0.0025764866248174645","0.01025390625","0.014404296875","Yes"
"63","302.2101946002423","81.69007059924552","0.024658203125","0.004768396231539909","0.0166015625","0.03271484375","2180","0.00027414511898813895","32","0.00027414511898813895","0","0.00027414511898813895","0.00027414511898813895","0.00027414511898813895","56:0.001603381716366925;62:0.0017142792709224086;64:0.0018360592308906132","56:68;62:68;64:68","56:0.0017849679923092054;62:0.0025764866248174645;64:0.0018769457085575647","0.024658203125","0.02783203125","Yes"
"64","282.208225882219","150.76861816417744","0.002685546875","0.0010005311201287486","0.00439453125","0.0009765625","2180","0.0005244734645091004","32","0.0005244734645091004","0","0.0005244734645091004","0.0005244734645091004","0.0005244734645091004","65:0.0018260949680148908;63:0.0018360592308906132","65:68;63:68","65:0.0016089362693683107;63:0.0018769457085575647","0.002685546875","0.00830078125","Yes"
"65","294.6411565412553","241.0977360532389","0.007080078125","0.0006036458462379548","0.013671875","0.00048828125","2180","0.000464710757864025","32","0.000464710757864025","0","0.000464710757864025","0.000464710757864025","0.000464710757864025","64:0.0018260949680148908;66:0.0021626950241758203;77:0.005489588063558204","64:68;66:68;77:68","64:0.0016089362693683107;66:0.0018171504488600498;77:0.0035055075634270183","0.007080078125","0.003662109375","Yes"
"66","135.79780397537303","169.05065841352263","0.00732421875","0.0031214751339588274","0.0126953125","0.001953125","2180","0.0003799372804369435","32","0.0003799372804369435","0","0.0003799372804369435","0.0003799372804369435","0.0003799372804369435","65:0.0021626950241758203;67:0.0020518537480557486","65:68;67:68","65:0.0018171504488600498;67:0.0016007970611626454","0.00732421875","0.00927734375","Yes"
"67","319.09609294065467","284.24743454267275","0.0078125","0.00020613142178450627","0.0146484375","0.0009765625","2180","0.00022352906958749986","32","0.00022352906958749986","0","0.00022352906958749986","0.00022352906958749986","0.00022352906958749986","68:0.001255899610830058;57:0.001829498368940058;66:0.0020518537480557486","68:68;57:68;66:68","68:0.0013417330226134505;57:0.0020898443174804937;66:0.0016007970611626454","0.0078125","0.00439453125","Yes"
"68","265.0022054488157","177.4267082808367","0.015869140625","0.002065222709992471","0.01953125","0.01220703125","2180","0.00017866738108942648","32","0.00017866738108942648","0","0.00017866738108942648","0.00017866738108942648","0.00017866738108942648","67:0.001255899610830058;69:0.0020793705017303765","67:68;69:68","67:0.0013417330226134505;69:0.0013805827202842402","0.015869140625","0.007568359375","Yes"
"69","284.66136202414106","220.27088309548031","0.02001953125","0.0031130142745989004","0.0205078125","0.01953125","2180","0.00015015280580192437","32","0.00015015280580192437","0","0.00015015280580192437","0.00015015280580192437","0.00015015280580192437","78:0.0026361277694013086;68:0.0020793705017303765;70:0.003345473883840433","78:68;68:68;70:68","78:0.0017115800684356364;68:0.0013805827202842402;70:0.0019450978841408784","0.02001953125","0.010009765625","Yes"
"70","247.43782129029356","213.24537259894285","0.014404296875","","0.01513671875","0.013671875","2180","0.0001764623198238116","32","0.0001764623198238116","0","0.0001764623198238116","0.0001764623198238116","0.0001764623198238116","69:0.003345473883840433;71:0.002193208960592191","69:68;71:68","69:0.0019450978841408784;71:0.0015502400710214748","0.014404296875","0.033447265625","Yes"
"71","199.90522460539077","177.9284514352501","0.005615234375","0.0028606235903248377","0.00634765625","0.0048828125","2180","0.00017700678994395712","32","0.00017700678994395712","0","0.00017700678994395712","0.00017700678994395712","0.00017700678994395712","72:0.0014928066319376265;58:0.001431009792593585;70:0.002193208960592191","72:68;58:68;70:68","72:0.0010260977546180938;58:0.0011796949861359873;70:0.0015502400710214748","0.005615234375","0.006103515625","Yes"
"72","264.99219233453465","142.85677331866802","0.04052734375","","0.04345703125","0.03759765625","2180","0.00011975019143268151","32","0.00011975019143268151","0","0.00011975019143268151","0.00011975019143268151","0.00011975019143268151","73:0.025057530066794176;71:0.0014928066319376265","73:68;71:68","73:0.002954735485765775;71:0.0010260977546180938","0.04052734375","0.033447265625","Yes"
"73","202.6402278957529","182.3901682676578","0.026611328125","","0.01708984375","0.0361328125","2180","0.0003124716751784672","32","0.0003124716751784672","0","0.0003124716751784672","0.0003124716751784672","0.0003124716751784672","72:0.025057530066794176;74:0.0015060648939161647;79:0.001355252676519092","72:68;74:68;79:68","72:0.002954735485765775;74:0.0011930863668125902;79:0.0012232964114913536","0.026611328125","0.011962890625","Yes"
"74","231.03256477566416","175.91366612789636","0.00634765625","0.0014381831571257217","0.0078125","0.0048828125","2180","0.00013027778931840343","32","0.00013027778931840343","0","0.00013027778931840343","0.00013027778931840343","0.00013027778931840343","73:0.0015060648939161647;75:0.0038826780330062094","73:68;75:68","73:0.0011930863668125902;75:0.001314047950415037","0.00634765625","0.0048828125","Yes"
"75","294.6766264081045","138.22804095964656","0.010986328125","","0.017578125","0.00439453125","2180","0.00011437689645734507","32","0.00011437689645734507","0","0.00011437689645734507","0.00011437689645734507","0.00011437689645734507","59:0.0012355480579584466;74:0.0038826780330062094","59:68;74:68","59:0.0027081441117087213;74:0.001314047950415037","0.010986328125","0.04736328125","Yes"
"76","62.86955202346723","50.441779698288144","0.065185546875","0.01590782451324243","0.10205078125","0.0283203125","2180","0.0008278722771644133","32","0.0008278722771644133","0","0.0008278722771644133","0.0008278722771644133","0.0008278722771644133","81:0.004841726353727371;61:0.002300987754675965","81:68;61:68","81:0.003998108907382475;61:0.004489353256334316","0.065185546875","0.023681640625","Yes"
"77","248.48837585914308","248.48869804337505","0.005859375","0.0024556926343241754","0.01025390625","0.00146484375","2180","0.0001893647883333706","32","0.0001893647883333706","0","0.0001893647883333706","0.0001893647883333706","0.0001893647883333706","85:0.006492935827449697;65:0.005489588063558204","85:68;65:68","85:0.004455186806289646;65:0.0035055075634270183","0.005859375","0.0048828125","Yes"
"78","241.67445480833035","30.497566902229696","0.033447265625","","0.0322265625","0.03466796875","2180","0.00016939826872979674","32","0.00016939826872979674","0","0.00016939826872979674","0.00016939826872979674","0.00016939826872979674","69:0.0026361277694013086;89:0.002921001754428887","69:68;89:68","69:0.0017115800684356364;89:0.0018731998215605616","0.033447265625","0.0390625","Yes"
"79","283.637107006183","84.00682450958023","0.006591796875","0.001403235276480487","0.0087890625","0.00439453125","2180","0.00023574781287632993","32","0.00023574781287632993","0","0.00023574781287632993","0.00023574781287632993","0.00023574781287632993","93:0.0012645100267334175;73:0.001355252676519092","93:68;73:68","93:0.0011432955942073386;73:0.0012232964114913536","0.006591796875","0.00537109375","Yes"
"80","289.90871057152395","410.34190828493087","0.10693359375","0.0037509877985321084","0.0654296875","0.1484375","2180","0.00021269543509373022","32","0.00021269543509373022","0","0.00021269543509373022","0.00021269543509373022","0.00021269543509373022","81:0.0012275539275895253","81:68","81:0.0009921277505920423","0.10693359375","0.470703125","Yes"
"81","168.5774578071293","197.7459744027065","0.01025390625","0.002510384779505549","0.01171875","0.0087890625","2180","0.00016586486282653415","32","0.00016586486282653415","0","0.00016586486282653415","0.00016586486282653415","0.00016586486282653415","80:0.0012275539275895253;82:0.0013166066370920715;76:0.004841726353727371","80:68;82:68;76:68","80:0.0009921277505920423;82:0.0021789314336926047;76:0.003998108907382475","0.01025390625","0.11328125","Yes"
"82","303.74155922028615","385.18946103977265","0.0078125","0.0022185464030753336","0.0126953125","0.0029296875","2180","0.00022519802422854606","32","0.00022519802422854606","0","0.00022519802422854606","0.00022519802422854606","0.00022519802422854606","81:0.0013166066370920715;83:0.0010283718226054284","81:68;83:68","81:0.0021789314336926047;83:0.0017840359152625773","0.0078125","0.04296875","Yes"
"83","350.4190274878054","217.45795082596482","0.021484375","","0.0400390625","0.0029296875","2180","0.00015783197202080357","32","0.00015783197202080357","0","0.00015783197202080357","0.00015783197202080357","0.00015783197202080357","96:0.0012836030308825408;82:0.0010283718226054284;84:0.0019451691700977658","96:68;82:68;84:68","96:0.0016214841479427478;82:0.0017840359152625773;84:0.0020867364314970105","0.021484375","0.023681640625","Yes"
"84","240.1968612885548","62.040652310592094","0.00732421875","0.0016021163912267409","0.00927734375","0.00537109375","2180","0.0005259762464746377","32","0.0005259762464746377","0","0.0005259762464746377","0.0005259762464746377","0.0005259762464746377","83:0.0019451691700977658;85:0.021113053992571906","83:68;85:68","83:0.0020867364314970105;85:0.048604722022099145","0.00732421875","0.0087890625","Yes"
"85","162.27524432961988","96.63535151377275","0.01611328125","0.009800000084296462","0.01416015625","0.01806640625","2180","0.00040023153997618293","32","0.00040023153997618293","0","0.00040023153997618293","0.00040023153997618293","0.00040023153997618293","77:0.006492935827449697;86:0.04741187801817848;84:0.021113053992571906","77:68;86:68;84:68","77:0.004455186806289646;86:0.02205682006188156;84:0.048604722022099145","0.01611328125","0.2763671875","Yes"
"86","98.1010390343919","22.80236680155064","0.009033203125","0.002002975006497673","0.01708984375","0.0009765625","2180","0.0002652592587302649","32","0.0002652592587302649","0","0.0002652592587302649","0.0002652592587302649","0.0002652592587302649","85:0.04741187801817848;87:0.053529648388586565","85:68;87:68","85:0.02205682006188156;87:0.022336050318413597","0.009033203125","0.0068359375","Yes"
"87","96.53730421137962","49.40010227015443","0.008544921875","0.0049973482755901084","0.0107421875","0.00634765625","2180","0.00024313744644196617","32","0.00024313744644196617","0","0.00024313744644196617","0.00024313744644196617","0.00024313744644196617","86:0.053529648388586565;88:0.0019517873677659947;97:0.0017356288645776208","86:68;88:68;97:68","86:0.022336050318413597;88:0.0029440280622743398;97:0.0015143181847620812","0.008544921875","0.003662109375","Yes"
"88","245.98396013704428","20.22222056721205","0.004150390625","0.0010002201096356612","0.0068359375","0.00146484375","2180","0.0002648469119312525","32","0.0002648469119312525","0","0.0002648469119312525","0.0002648469119312525","0.0002648469119312525","87:0.0019517873677659947;89:0.002568438856890315","87:68;89:68","87:0.0029440280622743398;89:0.0015561899475455276","0.004150390625","0.035888671875","Yes"
"89","204.04819382050638","157.94815882113227","0.010498046875","0.0014001592811285959","0.00830078125","0.0126953125","2180","0.00021255736776078593","32","0.00021255736776078593","0","0.00021255736776078593","0.00021255736776078593","0.00021255736776078593","90:0.0021864765745273074;88:0.002568438856890315;78:0.002921001754428887","90:68;88:68;78:68","90:0.0015445832803133719;88:0.0015561899475455276;78:0.0018731998215605616","0.010498046875","0.044189453125","Yes"
"90","218.1663260579302","269.37140331807495","0.00341796875","0.0004001764203652276","0.0068359375","0","2180","0.00022652598385689468","32","0.00022652598385689468","0","0.00022652598385689468","0.00022652598385689468","0.00022652598385689468","89:0.0021864765745273074;91:0.0019396866157522508","89:68;91:68","89:0.0015445832803133719;91:0.0019488184153669819","0.00341796875","0.002197265625","Yes"
"91","328.33508750526045","113.81864326891127","0.01171875","0.0010001561283757162","0.02001953125","0.00341796875","2180","0.0003399273068141071","32","0.0003399273068141071","0","0.0003399273068141071","0.0003399273068141071","0.0003399273068141071","98:0.0020490848028521247;90:0.0019396866157522508;92:0.0021176890112069857","98:68;90:68;92:68","98:0.002737953983549868;90:0.0019488184153669819;92:0.0016119054597643623","0.01171875","0.003173828125","Yes"
"92","264.77151915820895","280.7828007164466","0.018310546875","","0.03076171875","0.005859375","2180","0.00024507148875122767","32","0.00024507148875122767","0","0.00024507148875122767","0.00024507148875122767","0.00024507148875122767","91:0.0021176890112069857;93:0.0012099180118991248","91:68;93:68","91:0.0016119054597643623;93:0.0013400499680389921","0.018310546875","0.08837890625","Yes"
"93","411.2335126457327","157.48964891147546","0.004638671875","0.0008026187803441483","0.00927734375","0","2180","0.0002511134654205798","32","0.0002511134654205798","0","0.0002511134654205798","0.0002511134654205798","0.0002511134654205798","94:0.0013326643089326962;79:0.0012645100267334175;92:0.0012099180118991248","94:68;79:68;92:68","94:0.0015541364714536932;79:0.0011432955942073386;92:0.0013400499680389921","0.004638671875","0.037109375","Yes"
"94","254.3644915290417","202.47577132580213","0.009033203125","0.0068592005084595654","0.0126953125","0.00537109375","2180","0.00013189780905149435","32","0.00013189780905149435","0","0.00013189780905149435","0.00013189780905149435","0.00013189780905149435","93:0.0013326643089326962;95:0.0017224727870046863","93:68;95:68","93:0.0015541364714536932;95:0.0014156523792030196","0.009033203125","0.00830078125","Yes"
"95","203.8154477771736","260.36092167581234","0.006591796875","0.0014175081305671878","0.0126953125","0.00048828125","2180","0.0004598337418934838","32","0.0004598337418934838","0","0.0004598337418934838","0.0004598337418934838","0.0004598337418934838","99:0.10451696791121483;94:0.0017224727870046863","99:68;94:68","99:0.001782878695779172;94:0.0014156523792030196","0.006591796875","0.00390625","Yes"
"96","168.89043435572188","149.55219919875736","0.010009765625","0.002496445814435717","0.009765625","0.01025390625","2180","0.00016114513382316144","32","0.00016114513382316144","0","0.00016114513382316144","0.00016114513382316144","0.00016114513382316144","83:0.0012836030308825408;103:0.0012354252183931769","83:68;103:68","83:0.0016214841479427478;103:0.0016827396035952458","0.010009765625","0.054931640625","Yes"
"97","95.2405955299555","59.03421885768468","0.009521484375","0.0014412482137470472","0.013671875","0.00537109375","2180","0.0002188891988213719","32","0.0002188891988213719","0","0.0002188891988213719","0.0002188891988213719","0.0002188891988213719","87:0.0017356288645776208;107:0.0012842397080141399","87:68;107:68","87:0.0015143181847620812;107:0.0012681817671754414","0.009521484375","0.004150390625","Yes"
"98","245.03297795613838","63.367730887553314","0.00537109375","0.00040040658599596986","0.00732421875","0.00341796875","2180","0.00030795435513943396","32","0.00030795435513943396","0","0.00030795435513943396","0.00030795435513943396","0.00030795435513943396","91:0.0020490848028521247;111:0.002124641937179289","91:68;111:68","91:0.002737953983549868;111:0.0025180373601010886","0.00537109375","0.012939453125","Yes"
"99","119.31793362760033","143.21693411788772","0.083251953125","","0.06005859375","0.1064453125","2180","0.0011812500566702156","32","0.0011812500566702156","0","0.0011812500566702156","0.0011812500566702156","0.0011812500566702156","115:0.004802777182162377;95:0.10451696791121483","115:68;95:68","115:0.003303900436353119;95:0.001782878695779172","0.083251953125","0.095947265625","Yes"
"100","188.5596126350048","162.46973496941138","0.007080078125","0.0024470000713700236","0.01171875","0.00244140625","2180","0.0003103962134203907","32","0.0003103962134203907","0","0.0003103962134203907","0.0003103962134203907","0.0003103962134203907","101:0.0013640010767333455","101:68","101:0.001968825153589593","0.007080078125","0.017822265625","Yes"
"101","239.44827328767494","205.03012226116576","0.015625","0.0011106356188744176","0.02734375","0.00390625","2180","0.0001134620486241377","32","0.0001134620486241377","0","0.0001134620486241377","0.0001134620486241377","0.0001134620486241377","100:0.0013640010767333455;116:0.0010209925604451886;102:0.001324856242968242","100:68;116:68;102:68","100:0.001968825153589593;116:0.0016618125734749467;102:0.0015016913933431353","0.015625","0.041748046875","Yes"
"102","221.69952484162903","222.04425545443982","0.08056640625","0.0004029061854835816","0.05712890625","0.10400390625","2180","0.00019637117884764777","32","0.00019637117884764777","0","0.00019637117884764777","0.00019637117884764777","0.00019637117884764777","101:0.001324856242968242;103:0.010785364809424297","101:68;103:68","101:0.0015016913933431353;103:0.004975540463077077","0.08056640625","0.117919921875","Yes"
"103","189.54527039553952","85.79627558806088","0.0087890625","0.007529688852066289","0.0146484375","0.0029296875","2180","0.00012809555398750767","32","0.00012809555398750767","0","0.00012809555398750767","0.00012809555398750767","0.00012809555398750767","104:0.002190900982466909;96:0.0012354252183931769;102:0.010785364809424297","104:68;96:68;102:68","104:0.0013917385637136903;96:0.0016827396035952458;102:0.004975540463077077","0.0087890625","0.0146484375","Yes"
"104","231.16004695303437","303.1687310744022","0.019775390625","0.0005879779727412511","0.02392578125","0.015625","2180","0.00047049386194422676","32","0.00047049386194422676","0","0.00047049386194422676","0.00047049386194422676","0.00047049386194422676","103:0.002190900982466909;105:0.0018186928239009026","103:68;105:68","103:0.0013917385637136903;105:0.0014238144050079948","0.019775390625","0.011962890625","Yes"
"105","188.27917111622517","195.65243538082868","0.00927734375","0.0006005011293941017","0.013671875","0.0048828125","2180","0.00017232898894403305","32","0.00017232898894403305","0","0.00017232898894403305","0.00017232898894403305","0.00017232898894403305","104:0.0018186928239009026;106:0.0015117657993592992;117:0.001743419240840871","104:68;106:68;117:68","104:0.0014238144050079948;106:0.001347557072905986;117:0.0013763114419416411","0.00927734375","0.004150390625","Yes"
"106","121.64911246525213","177.36005239860538","0.009033203125","0.0028083079327809535","0.01220703125","0.005859375","2180","0.00038889906368025096","32","0.00038889906368025096","0","0.00038889906368025096","0.00038889906368025096","0.00038889906368025096","107:0.0016400782912598943;105:0.0015117657993592992","107:68;105:68","107:0.0018116708810893556;105:0.001347557072905986","0.009033203125","0.00537109375","Yes"
"107","240.80802710086934","227.68395254014544","0.0419921875","0.004600158035013301","0.0283203125","0.0556640625","2180","0.00014515844447379538","32","0.00014515844447379538","0","0.00014515844447379538","0.00014515844447379538","0.00014515844447379538","106:0.0016400782912598943;108:0.0016539836308316902;97:0.0012842397080141399","106:68;108:68;97:68","106:0.0018116708810893556;108:0.0017548616445425824;97:0.0012681817671754414","0.0419921875","0.0419921875","Yes"
"108","198.40140190140048","171.6958070444597","0.010498046875","0.0014167364835173783","0.01025390625","0.0107421875","2180","0.000417409812735838","32","0.000417409812735838","0","0.000417409812735838","0.000417409812735838","0.000417409812735838","107:0.0016539836308316902;109:0.0014299290791135455","107:68;109:68","107:0.0017548616445425824;109:0.0016479836181356733","0.010498046875","0.007568359375","Yes"
"109","212.51529980366848","181.73919508878126","0.005859375","0.00020096460680942826","0.0078125","0.00390625","2180","0.00023178643251226303","32","0.00023178643251226303","0","0.00023178643251226303","0.00023178643251226303","0.00023178643251226303","108:0.0014299290791135455;110:0.0019195151606778982;118:0.002375404329954506","108:68;110:68;118:68","108:0.0016479836181356733;110:0.0016518914430155296;118:0.0023294612571715945","0.005859375","0.00390625","Yes"
"110","213.12067966777303","142.5678209835829","0.00634765625","0.0017700933659649664","0.0107421875","0.001953125","2180","0.00024862271908577594","32","0.00024862271908577594","0","0.00024862271908577594","0.00024862271908577594","0.00024862271908577594","109:0.0019195151606778982;111:0.0017134177776827464","109:68;111:68","109:0.0016518914430155296;111:0.003661333345459289","0.00634765625","0.00341796875","Yes"
"111","132.2528966524752","103.60480169514611","0.008056640625","0.0029355192313745846","0.00830078125","0.0078125","2180","0.00016749341555922462","32","0.00016749341555922462","0","0.00016749341555922462","0.00016749341555922462","0.00016749341555922462","112:0.1759938398063207;110:0.0017134177776827464;98:0.002124641937179289","112:68;110:68;98:68","110:0.003661333345459289;98:0.0025180373601010886","0.008056640625","0.02001953125","Yes"
"112","207.57667920393425","204.27392789072718","0.046875","","0.0703125","0.0234375","2180","0.013926879349709419","32","0.013926879349709419","0","0.013926879349709419","0.013926879349709419","0.013926879349709419","111:0.1759938398063207","111:68;113:68","","0.046875","0.042724609375","Yes"
"113","169.65821540445017","59.34540245670487","0.145751953125","","0.22265625","0.06884765625","2180","","32","","0","","","","119:0.00425643110171145;114:0.00238165597724202","119:68;112:68;114:68","119:0.0025581755950917218;114:0.004226389872336006","0.145751953125","0.19580078125","Yes"
"114","258.13373479939696","46.225082242045914","0.01318359375","","0.01806640625","0.00830078125","2180","0.00022743974286344777","32","0.00022743974286344777","0","0.00022743974286344777","0.00022743974286344777","0.00022743974286344777","115:0.0049881545086847;113:0.00238165597724202","115:68;113:68","115:0.0031063341563502544;113:0.004226389872336006","0.01318359375","0.009765625","Yes"
"115","391.3294595656424","13.935389900057912","0.00830078125","","0.01318359375","0.00341796875","2180","0.00015899288849014002","32","0.00015899288849014002","0","0.00015899288849014002","0.00015899288849014002","0.00015899288849014002","99:0.004802777182162377;114:0.0049881545086847","99:68;114:68","99:0.003303900436353119;114:0.0031063341563502544","0.00830078125","0.015869140625","Yes"
"116","204.72882750468463","229.80308595131856","0.032470703125","","0.0244140625","0.04052734375","2180","0.0002498635626847248","32","0.0002498635626847248","0","0.0002498635626847248","0.0002498635626847248","0.0002498635626847248","101:0.0010209925604451886;121:0.061506933299900673","101:68;121:68","101:0.0016618125734749467;121:0.05578194495612945","0.032470703125","0.10791015625","Yes"
"117","164.390434235261","168.91888647312177","0.00732421875","0.0002","0.00634765625","0.00830078125","2180","0.00022078240224180986","32","0.00022078240224180986","0","0.00022078240224180986","0.00022078240224180986","0.00022078240224180986","105:0.001743419240840871;125:0.002054299309967561","105:68;125:68","105:0.0013763114419416411;125:0.002153856253659242","0.00732421875","0.00244140625","Yes"
"118","180.8511108227321","125.52274192460705","0.007080078125","0.0002","0.0087890625","0.00537109375","2180","0.0001320772866681477","32","0.0001320772866681477","0","0.0001320772866681477","0.0001320772866681477","0.0001320772866681477","109:0.002375404329954506;129:0.0016220651848381784","109:68;129:68","109:0.0023294612571715945;129:0.001439728290773823","0.007080078125","0.007080078125","Yes"
"119","214.53332464032474","190.20595196160156","0.0107421875","","0.013671875","0.0078125","2180","0.0006309491971502271","32","0.0006309491971502271","0","0.0006309491971502271","0.0006309491971502271","0.0006309491971502271","113:0.00425643110171145;133:0.03258699761141501","113:68;133:68","113:0.0025581755950917218;133:0.06310003303363737","0.0107421875","0.00732421875","Yes"
"120","142.79706039062378","141.19309578783069","0.0263671875","","0.02978515625","0.02294921875","2180","0.0038471217013933065","32","0.0038471217013933065","0","0.0038471217013933065","0.0038471217013933065","0.0038471217013933065","121:0.12317104529901224","121:68","","0.0263671875","0.033203125","Yes"
"121","7.526938200934078","25.636631187774977","0.210693359375","","0.2783203125","0.14306640625","2180","","32","","0","","","","120:0.12317104529901224;122:0.04107465305560226;116:0.061506933299900673","120:68;122:68;116:68","122:0.0766358042339031;116:0.05578194495612945","0.210693359375","0.367919921875","Yes"
"122","285.1986107881395","342.5180100846791","0.006103515625","0.0005430037538729156","0.01123046875","0.0009765625","2180","0.00023269073118882511","32","0.00023269073118882511","0","0.00023269073118882511","0.00023269073118882511","0.00023269073118882511","121:0.04107465305560226;123:0.0017931853361622396","121:68;123:68","121:0.0766358042339031;123:0.0012277389786227721","0.006103515625","0.003662109375","Yes"
"123","301.89994180187324","25.47888649483809","0.01806640625","0.01106544863951026","0.02294921875","0.01318359375","2180","0.0001413469549804869","32","0.0001413469549804869","0","0.0001413469549804869","0.0001413469549804869","0.0001413469549804869","136:0.0018234816976779311;124:0.001627376885188575;122:0.0017931853361622396","136:68;124:68;122:68","136:0.0012329892319444535;124:0.001389835959292346;122:0.0012277389786227721","0.01806640625","0.01220703125","Yes"
"124","235.95143517854396","149.61262963245917","0.013916015625","0.004083051317864451","0.01806640625","0.009765625","2180","0.00018991959493429975","32","0.00018991959493429975","0","0.00018991959493429975","0.00018991959493429975","0.00018991959493429975","123:0.001627376885188575;125:0.001562173529094768","123:68;125:68","123:0.001389835959292346;125:0.001033259992544916","0.013916015625","0.007080078125","Yes"
"125","258.1970432148501","288.9704450975647","0.04150390625","","0.05859375","0.0244140625","2180","0.00028942542695932884","32","0.00028942542695932884","0","0.00028942542695932884","0.00028942542695932884","0.00028942542695932884","117:0.002054299309967561;124:0.001562173529094768;126:0.0013432530060147607","117:68;124:68;126:68","117:0.002153856253659242;124:0.001033259992544916;126:0.0013770784871586506","0.04150390625","0.1328125","Yes"
"126","217.28374425977537","297.93337837920706","0.004150390625","0.0005954754883673161","0.00537109375","0.0029296875","2180","0.0002713831360620004","32","0.0002713831360620004","0","0.0002713831360620004","0.0002713831360620004","0.0002713831360620004","127:0.001234138763236775;125:0.0013432530060147607","127:68;125:68","127:0.0012928119711195785;125:0.0013770784871586506","0.004150390625","0.004638671875","Yes"
"127","282.88655173743194","270.9102310954301","0.048095703125","","0.05126953125","0.044921875","2180","0.0003565964523763565","32","0.0003565964523763565","0","0.0003565964523763565","0.0003565964523763565","0.0003565964523763565","126:0.001234138763236775;128:0.0024241307510783905;137:0.0011521532156221759","126:68;128:68;137:68","126:0.0012928119711195785;128:0.003410444459056916;137:0.0013711087571231795","0.048095703125","0.1357421875","Yes"
"128","214.34953098203923","16.986527415310338","0.003173828125","0.0004015646373935068","0.005859375","0.00048828125","2180","0.0002110593357563547","32","0.0002110593357563547","0","0.0002110593357563547","0.0002110593357563547","0.0002110593357563547","127:0.0024241307510783905;129:0.0020221287019105694","127:68;129:68","127:0.003410444459056916;129:0.0037618934763373746","0.003173828125","0.00244140625","Yes"
"129","151.18631553656212","105.76812716779673","0.00634765625","0.004209241857746405","0.01025390625","0.00244140625","2180","0.0002684998537115711","32","0.0002684998537115711","0","0.0002684998537115711","0.0002684998537115711","0.0002684998537115711","130:0.007470022758063827;128:0.0020221287019105694;118:0.0016220651848381784","130:68;128:68;118:68","130:0.004157419826831071;128:0.0037618934763373746;118:0.001439728290773823","0.00634765625","0.040771484375","Yes"
"130","294.8364654172485","194.40822446566733","0.028076171875","0.0015775429159906422","0.05126953125","0.0048828125","2180","0.00019850702559206867","32","0.00019850702559206867","0","0.00019850702559206867","0.00019850702559206867","0.00019850702559206867","129:0.007470022758063827","129:68;131:68","129:0.004157419826831071","0.028076171875","0.02001953125","Yes"
"131","64.01725947845941","50.85525933795273","0.050048828125","","0.072265625","0.02783203125","2180","0.008988141136989114","32","0.008988141136989114","0","0.008988141136989114","0.008988141136989114","0.008988141136989114","138:0.02404408918937398;132:0.01767419390676131","138:68;130:68;132:68","138:0.027863253907534496;132:0.018397382516282867","0.050048828125","0.132080078125","Yes"
"132","338.92050688633054","264.34447092037834","0.0087890625","0.0013194322746740152","0.01123046875","0.00634765625","2180","0.00016550882405390896","32","0.00016550882405390896","0","0.00016550882405390896","0.00016550882405390896","0.00016550882405390896","133:0.0017489769268617672;131:0.01767419390676131","133:68;131:68","133:0.001657522886803986;131:0.018397382516282867","0.0087890625","0.009765625","Yes"
"133","161.0716581039799","105.4056767771907","0.007568359375","0.0012017264017155987","0.01123046875","0.00390625","2180","0.0004002750739048532","32","0.0004002750739048532","0","0.0004002750739048532","0.0004002750739048532","0.0004002750739048532","132:0.0017489769268617672;134:0.0016108096019714357;119:0.03258699761141501","132:68;134:68;119:68","132:0.001657522886803986;134:0.001702113323094584;119:0.06310003303363737","0.007568359375","0.00927734375","Yes"
"134","237.984172651002","135.47996959394106","0.00439453125","0.0006000111414157686","0.0048828125","0.00390625","2180","0.00022734169680561057","32","0.00022734169680561057","0","0.00022734169680561057","0.00022734169680561057","0.00022734169680561057","133:0.0016108096019714357;135:0.0019979200048196033","133:68;135:68","133:0.001702113323094584;135:0.0022975684016361686","0.00439453125","0.0078125","Yes"
"135","92.81240880196485","101.92199489160703","0.016357421875","0.004837325008459198","0.0146484375","0.01806640625","2180","0.0005004249993092817","32","0.0005004249993092817","0","0.0005004249993092817","0.0005004249993092817","0.0005004249993092817","134:0.0019979200048196033;139:0.0016126091361999828","134:68;139:68","134:0.0022975684016361686;139:0.0021691407020188735","0.016357421875","0.024658203125","Yes"
"136","190.81860448102887","345.80971348471735","0.011474609375","0.0007913538201688373","0.01953125","0.00341796875","2180","0.00044851073878377705","32","0.00044851073878377705","0","0.00044851073878377705","0.00044851073878377705","0.00044851073878377705","123:0.0018234816976779311;143:0.002029240270561533","123:68;143:68","123:0.0012329892319444535;143:0.002623287232841859","0.011474609375","0.00634765625","Yes"
"137","212.508775436153","21.543457714322994","0.00732421875","0.0026718117918724904","0.013671875","0.0009765625","2180","0.0002930782879670022","32","0.0002930782879670022","0","0.0002930782879670022","0.0002930782879670022","0.0002930782879670022","147:0.0023887982182743683;127:0.0011521532156221759","147:68;127:68","147:0.0024002885751078784;127:0.0013711087571231795","0.00732421875","0.005126953125","Yes"
"138","216.93608715088183","124.4144881599804","0.005126953125","0.01769881505986803","0.00634765625","0.00390625","2180","0.00012022008250020533","32","0.00012022008250020533","0","0.00012022008250020533","0.00012022008250020533","0.00012022008250020533","151:0.001185855234565436;131:0.02404408918937398","151:80;131:68","151:0.0015047712052231599;131:0.027863253907534496","0.005126953125","0.00439453125","Yes"
"139","217.4910493868774","23.88219323375724","0.019287109375","0.002155298604999503","0.02294921875","0.015625","2180","0.00021436078714126436","32","0.00021436078714126436","0","0.00021436078714126436","0.00021436078714126436","0.00021436078714126436","155:0.005472339873076326;135:0.0016126091361999828","155:68;135:68","155:0.0030446761824686752;135:0.0021691407020188735","0.019287109375","0.012451171875","Yes"
"140","263.27443618006293","388.1970515438095","0.006591796875","0.00040646271424167233","0.0107421875","0.00244140625","2180","0.0001896452281912966","32","0.0001896452281912966","0","0.0001896452281912966","0.0001896452281912966","0.0001896452281912966","141:0.0015494741670842027","141:68","141:0.001505827857600256","0.006591796875","0.001953125","Yes"
"141","50.75097448156177","60.76338815134219","0.00634765625","0.0016174981663457605","0.01025390625","0.00244140625","2180","0.0002738722503768185","32","0.0002738722503768185","0","0.0002738722503768185","0.0002738722503768185","0.0002738722503768185","140:0.0015494741670842027;142:0.0010593618675535654","140:68;142:68","140:0.001505827857600256;142:0.001260684517444488","0.00634765625","0.0029296875","Yes"
"142","197.71813196551136","186.83103308969822","0.009765625","0.0027429403328218","0.01025390625","0.00927734375","2180","0.00016040353838368276","32","0.00016040353838368276","0","0.00016040353838368276","0.00016040353838368276","0.00016040353838368276","143:0.0037713394133847555;141:0.0010593618675535654","143:68;141:68","143:0.003485621417033846;141:0.001260684517444488","0.009765625","0.005615234375","Yes"
"143","408.79649916705387","36.117157298019166","0.005859375","0.0008260041669074287","0.0068359375","0.0048828125","2180","0.0002016607567107387","32","0.0002016607567107387","0","0.0002016607567107387","0.0002016607567107387","0.0002016607567107387","142:0.0037713394133847555;144:0.001648911491945959;136:0.002029240270561533","142:68;144:68;136:68","142:0.003485621417033846;144:0.0015234072821803668;136:0.002623287232841859","0.005859375","0.009033203125","Yes"
"144","118.90618940239422","215.74483842237743","0.0048828125","0.0056606148071088325","0.005859375","0.00390625","2180","0.0001381577802318313","32","0.0001381577802318313","0","0.0001381577802318313","0.0001381577802318313","0.0001381577802318313","145:0.027720018635795818;143:0.001648911491945959","145:68;143:68","145:0.005606583390252162;143:0.0015234072821803668","0.0048828125","0.007568359375","Yes"
"145","250.54761662072642","142.47119348756723","0.01611328125","0.009431981496070493","0.017578125","0.0146484375","2180","0.001953612678635858","32","0.001953612678635858","0","0.001953612678635858","0.001953612678635858","0.001953612678635858","144:0.027720018635795818","144:68;146:68","144:0.005606583390252162","0.01611328125","0.024169921875","Yes"
"146","","","0.4921875","","0.48681640625","0.49755859375","2180","","32","","0","","","","","145:68;147:68","","0.4921875","0.50439453125","Yes"
"147","219.7838922627446","93.64162627962222","0.004638671875","0.0008000341338479366","0.0087890625","0.00048828125","2180","0.0012548056212387888","32","0.0012548056212387888","0","0.0012548056212387888","0.0012548056212387888","0.0012548056212387888","148:0.002578611004282888;137:0.0023887982182743683","148:68;137:68;146:68","148:0.0019980893373728326;137:0.0024002885751078784","0.004638671875","0.009033203125","Yes"
"148","230.0946498659767","225.23407602177866","0.03857421875","0.0008000039213440891","0.07666015625","0.00048828125","2180","0.00012922286807471694","32","0.00012922286807471694","0","0.00012922286807471694","0.00012922286807471694","0.00012922286807471694","147:0.002578611004282888;149:0.0017842598173828383","147:68;149:68","147:0.0019980893373728326;149:0.001881534291011483","0.03857421875","0.00634765625","Yes"
"149","311.8163064799812","435.19412570573667","0.00341796875","0.0006001042394198607","0.00634765625","0.00048828125","2180","0.0002352455258506026","32","0.0002352455258506026","0","0.0002352455258506026","0.0002352455258506026","0.0002352455258506026","150:0.003979504603704442;148:0.0017842598173828383","150:68;148:68","150:0.002652387158465025;148:0.001881534291011483","0.00341796875","0.002685546875","Yes"
"150","371.2878705955482","411.1717177354507","0.008056640625","0.001472892511823072","0.00830078125","0.0078125","2180","0.0005366970598886835","32","0.0005366970598886835","0","0.0005366970598886835","0.0005366970598886835","0.0005366970598886835","149:0.003979504603704442;151:0.0026754527903923853","149:68;151:68","149:0.002652387158465025;151:0.0017612116400520794","0.008056640625","0.004638671875","Yes"
"151","295.7849271904016","237.64097510317396","0.006591796875","0.0002","0.01220703125","0.0009765625","2180","0.00011697872609066382","32","0.00011697872609066382","0","0.00011697872609066382","0.00011697872609066382","0.00011697872609066382","138:0.001185855234565436;152:0.0010515468663084282;150:0.0026754527903923853","138:80;152:68;150:68","138:0.0015047712052231599;152:0.001530660778599452;150:0.0017612116400520794","0.006591796875","0.001708984375","Yes"
"152","135.99154299931098","96.19404135116083","0.006591796875","0.00210360115654315","0.01123046875","0.001953125","2180","0.00018527935857661791","32","0.00018527935857661791","0","0.00018527935857661791","0.00018527935857661791","0.00018527935857661791","151:0.0010515468663084282;153:0.0011685729103510512","151:68;153:68","151:0.001530660778599452;153:0.0019356162372066998","0.006591796875","0.00634765625","Yes"
"153","350.98281996391347","186.3318619741493","0.0185546875","","0.02099609375","0.01611328125","2180","0.00013971257061394212","32","0.00013971257061394212","0","0.00013971257061394212","0.00013971257061394212","0.00013971257061394212","152:0.0011685729103510512;154:0.0032981069679590136","152:68;154:68","152:0.0019356162372066998;154:0.003115196917979346","0.0185546875","0.025390625","Yes"
"154","226.45419176439506","113.70621389959082","0.004150390625","0.00020000005024325146","0.0068359375","0.00146484375","2180","0.00019994018154718873","32","0.00019994018154718873","0","0.00019994018154718873","0.00019994018154718873","0.00019994018154718873","153:0.0032981069679590136;155:0.0023921064222609534","153:68;155:68","153:0.003115196917979346;155:0.0014421219861472379","0.004150390625","0.00927734375","Yes"
"155","320.1684988442514","262.6793355047893","0.006103515625","0.004900564375681834","0.0107421875","0.00146484375","2180","0.00010810685297016475","32","0.00010810685297016475","0","0.00010810685297016475","0.00010810685297016475","0.00010810685297016475","139:0.005472339873076326;154:0.0023921064222609534","139:68;154:68","139:0.0030446761824686752;154:0.0014421219861472379","0.006103515625","0.0048828125","Yes"